Price,Adj Close,Adj Close,Adj Close,Close,Close,Close,High,High,High,Low,Low,Low,Open,Open,Open,Volume,Volume,Volume
Ticker,AAPL,GOOGL,MSFT,AAPL,GOOGL,MSFT,AAPL,GOOGL,MSFT,AAPL,GOOGL,MSFT,AAPL,GOOGL,MSFT,AAPL,GOOGL,MSFT
Date,,,,,,,,,,,,,,,,,,
2023-01-03,124.04804229736328,89.12000274658203,236.60923767089844,125.06999969482422,89.12000274658203,239.5800018310547,130.89999389648438,91.05000305175781,245.75,124.16999816894531,88.5199966430664,237.39999389648438,130.27999877929688,89.58999633789062,243.0800018310547,112117500,28131200,25740000
2023-01-04,125.32750701904297,88.08000183105469,226.25918579101562,126.36000061035156,88.08000183105469,229.10000610351562,128.66000366210938,90.6500015258789,232.8699951171875,125.08000183105469,87.2699966430664,225.9600067138672,126.88999938964844,90.3499984741211,232.27999877929688,89113600,34854800,50623400
2023-01-05,123.99845123291016,86.19999694824219,219.55335998535156,125.0199966430664,86.19999694824219,222.30999755859375,127.7699966430664,87.56999969482422,227.5500030517578,124.76000213623047,85.9000015258789,221.75999450683594,127.12999725341797,87.47000122070312,227.1999969482422,80962700,27194400,39585600
2023-01-06,128.56085205078125,87.33999633789062,222.14085388183594,129.6199951171875,87.33999633789062,224.92999267578125,130.2899932861328,87.69000244140625,225.75999450683594,124.88999938964844,84.86000061035156,219.35000610351562,126.01000213623047,86.79000091552734,223.0,87754700,41381500,43613600
2023-01-09,129.08651733398438,88.0199966430664,224.30374145507812,130.14999389648438,88.0199966430664,227.1199951171875,133.41000366210938,90.05000305175781,231.24000549316406,129.88999938964844,87.86000061035156,226.41000366210938,130.47000122070312,88.36000061035156,226.4499969482422,70790800,29003900,27369800
2023-01-10,129.6617889404297,88.41999816894531,226.01226806640625,130.72999572753906,88.41999816894531,228.85000610351562,131.25999450683594,88.66999816894531,231.30999755859375,128.1199951171875,85.83000183105469,227.3300018310547,130.25999450683594,85.9800033569336,227.75999450683594,63896200,30467800,27033900
2023-01-11,132.3992462158203,91.5199966430664,232.84646606445312,133.49000549316406,91.5199966430664,235.77000427246094,133.50999450683594,91.5999984741211,235.9499969482422,130.4600067138672,89.01000213623047,231.11000061035156,131.25,89.18000030517578,231.2899932861328,69458900,26862000,28669300
2023-01-12,132.31991577148438,91.12999725341797,235.552490234375,133.41000366210938,91.12999725341797,238.50999450683594,134.25999450683594,91.87000274658203,239.89999389648438,131.44000244140625,89.75,233.55999755859375,133.8800048828125,91.4800033569336,235.25999450683594,71379600,30258100,27269500
2023-01-13,133.65887451171875,92.12000274658203,236.2635498046875,134.75999450683594,92.12000274658203,239.22999572753906,134.9199981689453,92.19000244140625,239.3699951171875,131.66000366210938,90.12999725341797,234.9199981689453,132.02999877929688,90.8499984741211,237.0,57809700,26329200,21333300
2023-01-17,134.8292236328125,91.29000091552734,237.3696746826172,135.94000244140625,91.29000091552734,240.35000610351562,137.2899932861328,92.25,240.91000366210938,134.1300048828125,90.05000305175781,237.08999633789062,134.8300018310547,92.05999755859375,237.97000122070312,63646600,32602400,29831300
2023-01-18,134.10519409179688,91.12000274658203,232.88595581054688,135.2100067138672,91.12000274658203,235.80999755859375,138.61000061035156,92.80000305175781,242.3800048828125,135.02999877929688,90.63999938964844,235.52000427246094,136.82000732421875,92.13999938964844,241.57000732421875,69672800,29116700,30028700
2023-01-19,134.16470336914062,93.05000305175781,229.05409240722656,135.27000427246094,93.05000305175781,231.92999267578125,136.25,93.61000061035156,235.52000427246094,133.77000427246094,90.62999725341797,230.67999267578125,134.0800018310547,90.72000122070312,233.77999877929688,58280400,37000400,28623000
2023-01-20,136.74343872070312,98.0199966430664,237.2412872314453,137.8699951171875,98.0199966430664,240.22000122070312,138.02000427246094,98.30000305175781,240.74000549316406,134.22000122070312,95.0199966430664,234.50999450683594,135.27999877929688,95.0999984741211,234.86000061035156,80223600,63191100,35389800
2023-01-23,139.95700073242188,99.79000091552734,239.57200622558594,141.11000061035156,99.79000091552734,242.5800018310547,143.32000732421875,100.04000091552734,245.1699981689453,137.89999389648438,97.5,239.64999389648438,138.1199951171875,97.94999694824219,241.10000610351562,81760300,40005100,31934000
2023-01-24,141.36537170410156,97.69999694824219,239.0386962890625,142.52999877929688,97.69999694824219,242.0399932861328,143.16000366210938,99.61000061035156,243.9499969482422,140.3000030517578,97.19999694824219,240.44000244140625,140.30999755859375,98.0999984741211,242.5,66435100,33078500,40234400
2023-01-25,140.7008514404297,95.22000122070312,237.62643432617188,141.86000061035156,95.22000122070312,240.61000061035156,142.42999267578125,96.16000366210938,243.3000030517578,138.80999755859375,93.76000213623047,230.89999389648438,140.88999938964844,95.56999969482422,234.47999572753906,65799300,42330000,66526600
2023-01-26,142.78370666503906,97.5199966430664,244.9248046875,143.9600067138672,97.5199966430664,248.0,144.25,97.56999969482422,248.30999755859375,141.89999389648438,95.37999725341797,242.0,143.1699981689453,96.5,243.64999389648438,54105100,30114000,33454500
2023-01-27,144.7375946044922,99.37000274658203,245.08282470703125,145.92999267578125,99.37000274658203,248.16000366210938,147.22999572753906,100.31999969482422,249.8300018310547,143.0800018310547,97.30999755859375,246.8300018310547,143.16000366210938,97.30999755859375,248.99000549316406,70555800,33879800,26498900
2023-01-30,141.83154296875,96.94000244140625,239.70040893554688,143.0,96.94000244140625,242.7100067138672,145.5500030517578,98.29000091552734,245.60000610351562,142.85000610351562,96.4000015258789,242.1999969482422,144.9600067138672,97.4800033569336,244.50999450683594,64015300,27226200,25867400
2023-01-31,143.11099243164062,98.83999633789062,244.73716735839844,144.2899932861328,98.83999633789062,247.80999755859375,144.33999633789062,98.87999725341797,247.9499969482422,142.27999877929688,96.81999969482422,242.9499969482422,142.6999969482422,96.87000274658203,243.4499969482422,65874500,29870700,26541100
2023-02-01,144.24166870117188,100.43000030517578,249.61590576171875,145.42999267578125,100.43000030517578,252.75,146.61000061035156,101.19000244140625,255.17999267578125,141.32000732421875,97.58000183105469,245.47000122070312,143.97000122070312,98.70999908447266,248.0,77663600,35531100,31259900
2023-02-02,149.58767700195312,107.73999786376953,261.3190002441406,150.82000732421875,107.73999786376953,264.6000061035156,151.17999267578125,107.8499984741211,264.69000244140625,148.1699981689453,105.61000061035156,257.25,148.89999389648438,105.80000305175781,258.82000732421875,118339000,69883800,39940400
2023-02-03,153.23757934570312,104.77999877929688,255.14651489257812,154.5,104.77999877929688,258.3500061035156,157.3800048828125,107.80999755859375,264.20001220703125,147.8300018310547,102.58000183105469,257.1000061035156,148.02999877929688,102.93000030517578,259.5400085449219,154357300,65309300,29077300
2023-02-06,150.49020385742188,102.9000015258789,253.58604431152344,151.72999572753906,102.9000015258789,256.7699890136719,153.10000610351562,104.36000061035156,258.29998779296875,150.77999877929688,101.87999725341797,254.77999877929688,152.57000732421875,102.4000015258789,257.44000244140625,69858300,31999600,22518000
2023-02-07,153.38633728027344,107.63999938964844,264.24224853515625,154.64999389648438,107.63999938964844,267.55999755859375,155.22999572753906,108.18000030517578,268.7699890136719,150.63999938964844,103.12000274658203,260.0799865722656,150.63999938964844,103.22000122070312,260.5299987792969,83322600,49010200,50841400
2023-02-08,150.67864990234375,99.37000274658203,263.4225769042969,151.9199981689453,99.37000274658203,266.7300109863281,154.5800018310547,103.13999938964844,276.760009765625,151.1699981689453,98.04000091552734,266.2099914550781,153.8800048828125,102.05000305175781,273.20001220703125,64120100,94743500,54686000
2023-02-09,149.63722229003906,95.01000213623047,260.3511047363281,150.8699951171875,95.01000213623047,263.6199951171875,154.3300018310547,100.02999877929688,273.9800109863281,150.4199981689453,93.62999725341797,262.79998779296875,153.77999877929688,100.0,273.79998779296875,56007100,119455000,42375100
2023-02-10,150.0047607421875,94.56999969482422,259.8375244140625,151.00999450683594,94.56999969482422,263.1000061035156,151.33999633789062,96.75,264.0899963378906,149.22000122070312,94.25,260.6600036621094,149.4600067138672,95.44999694824219,261.5299987792969,57450700,54980700,25818500
2023-02-13,152.8258819580078,94.61000061035156,267.9556579589844,153.85000610351562,94.61000061035156,271.32000732421875,154.25999450683594,95.19999694824219,274.6000061035156,150.9199981689453,93.83999633789062,267.1499938964844,150.9499969482422,94.73999786376953,267.6400146484375,62199000,50076100,44630900
2023-02-14,152.18017578125,94.68000030517578,268.7951354980469,153.1999969482422,94.68000030517578,272.1700134277344,153.77000427246094,94.8499984741211,274.9700012207031,150.86000061035156,92.26000213623047,269.2799987792969,152.1199951171875,94.43000030517578,272.6700134277344,61707600,54726100,37047900
2023-02-15,154.2960205078125,96.94000244140625,266.64666748046875,155.3300018310547,96.94000244140625,269.32000732421875,155.5,97.12000274658203,270.7300109863281,152.8800048828125,94.1500015258789,266.17999267578125,153.11000061035156,94.48999786376953,268.32000732421875,65573800,50169000,28922400
2023-02-16,152.68678283691406,95.51000213623047,259.54779052734375,153.7100067138672,95.51000213623047,262.1499938964844,156.3300018310547,97.68000030517578,266.739990234375,153.35000610351562,94.73999786376953,261.8999938964844,153.50999450683594,95.37000274658203,264.0199890136719,68167900,42462600,29603600
2023-02-17,151.53451538085938,94.3499984741211,255.49842834472656,152.5500030517578,94.3499984741211,258.05999755859375,153.0,95.55999755859375,260.0899963378906,150.85000610351562,93.20999908447266,256.0,152.35000610351562,94.8499984741211,259.3900146484375,59144100,34284100,30000100
2023-02-21,147.49160766601562,91.79000091552734,250.1619110107422,148.47999572753906,91.79000091552734,252.6699981689453,151.3000030517578,93.0999984741211,255.49000549316406,148.41000366210938,91.72000122070312,251.58999633789062,150.1999969482422,93.0,254.47999572753906,58867200,33629300,28397400
2023-02-22,147.9187469482422,91.6500015258789,249.013427734375,148.91000366210938,91.6500015258789,251.50999450683594,149.9499969482422,92.11000061035156,254.33999633789062,147.16000366210938,90.61000061035156,250.33999633789062,148.8699951171875,91.69999694824219,254.08999633789062,51011300,30884000,22491100
2023-02-23,148.4054718017578,90.88999938964844,252.2410888671875,149.39999389648438,90.88999938964844,254.77000427246094,150.33999633789062,91.94000244140625,256.8399963378906,147.24000549316406,89.76000213623047,250.47999572753906,150.08999633789062,91.91999816894531,255.55999755859375,48394200,41206400,29219100
2023-02-24,145.7333984375,89.12999725341797,246.7461700439453,146.7100067138672,89.12999725341797,249.22000122070312,147.19000244140625,89.88999938964844,251.0,145.72000122070312,88.58000183105469,248.10000610351562,147.11000061035156,89.44000244140625,249.9600067138672,55469600,36585100,24990900
2023-02-27,146.93533325195312,89.87000274658203,247.67684936523438,147.9199981689453,89.87000274658203,250.16000366210938,149.1699981689453,90.16000366210938,252.82000732421875,147.4499969482422,89.33999633789062,249.38999938964844,147.7100067138672,89.87000274658203,252.4600067138672,44998500,27502300,21190000
2023-02-28,146.42872619628906,90.05999755859375,246.9441680908203,147.41000366210938,90.05999755859375,249.4199981689453,149.0800018310547,91.2300033569336,251.49000549316406,146.8300018310547,89.31999969482422,248.72999572753906,147.0500030517578,89.33000183105469,249.07000732421875,50547000,30142000,22491000
2023-03-01,144.3427276611328,90.36000061035156,243.82545471191406,145.30999755859375,90.36000061035156,246.27000427246094,147.22999572753906,91.02999877929688,250.92999267578125,145.00999450683594,89.66999816894531,245.7899932861328,146.8300018310547,89.9800033569336,250.75999450683594,55479000,31111200,27565300
2023-03-02,144.93873596191406,92.0,248.61740112304688,145.91000366210938,92.0,251.11000061035156,146.7100067138672,92.27999877929688,251.39999389648438,143.89999389648438,89.58999633789062,245.61000061035156,144.3800048828125,89.66000366210938,246.5500030517578,52238100,32204400,24808200
2023-03-03,150.02464294433594,93.6500015258789,252.7559051513672,151.02999877929688,93.6500015258789,255.2899932861328,151.11000061035156,93.7300033569336,255.6199951171875,147.3300018310547,92.44999694824219,251.38999938964844,148.0399932861328,92.4800033569336,252.19000244140625,70732300,35160100,30760100
2023-03-06,152.80601501464844,95.12999725341797,254.3202362060547,153.8300018310547,95.12999725341797,256.8699951171875,156.3000030517578,95.97000122070312,260.1199951171875,153.4600067138672,94.0,255.97999572753906,153.7899932861328,94.0199966430664,256.42999267578125,87558000,32639300,24109800
2023-03-07,150.59085083007812,93.86000061035156,251.62722778320312,151.60000610351562,93.86000061035156,254.14999389648438,154.02999877929688,95.66999816894531,257.69000244140625,151.1300048828125,93.52999877929688,253.38999938964844,153.6999969482422,94.9800033569336,256.29998779296875,56182000,27835500,21473200
2023-03-08,151.85238647460938,94.25,251.1816864013672,152.8699951171875,94.25,253.6999969482422,153.47000122070312,95.95999908447266,254.5399932861328,151.8300018310547,94.0,250.80999755859375,152.80999755859375,94.12000274658203,254.0399932861328,47204800,34103300,17340200
2023-03-09,149.5875701904297,92.31999969482422,249.81541442871094,150.58999633789062,92.31999969482422,252.32000732421875,154.5399932861328,95.52999877929688,259.55999755859375,150.22999572753906,91.9000015258789,251.5800018310547,153.55999755859375,94.05000305175781,255.82000732421875,53833600,28813500,26653400
2023-03-10,147.51145935058594,90.62999725341797,246.1224365234375,148.5,90.62999725341797,248.58999633789062,150.94000244140625,92.79000091552734,252.7899932861328,147.61000061035156,90.4000015258789,247.60000610351562,150.2100067138672,92.16999816894531,251.0800018310547,68572400,35941000,28333900
2023-03-13,149.46836853027344,91.11000061035156,251.39950561523438,150.47000122070312,91.11000061035156,253.9199981689453,153.13999938964844,92.56999969482422,257.9100036621094,147.6999969482422,89.41999816894531,245.72999572753906,147.80999755859375,90.08999633789062,247.39999389648438,84457100,37335600,33339700
2023-03-14,151.5742645263672,93.97000122070312,258.20135498046875,152.58999633789062,93.97000122070312,260.7900085449219,153.39999389648438,94.36000061035156,261.07000732421875,150.10000610351562,92.44000244140625,255.86000061035156,151.27999877929688,92.55999755859375,256.75,73695900,36050200,33620300
2023-03-15,151.97158813476562,96.11000061035156,262.8051452636719,152.99000549316406,96.11000061035156,265.44000244140625,153.25,96.93000030517578,266.4800109863281,149.9199981689453,92.63999938964844,259.2099914550781,151.19000244140625,93.22000122070312,259.9800109863281,77167900,50622100,46028000
2023-03-16,154.8125457763672,100.31999969482422,273.4583740234375,155.85000610351562,100.31999969482422,276.20001220703125,156.4600067138672,101.19000244140625,276.55999755859375,151.63999938964844,95.5,263.2799987792969,152.16000366210938,96.19999694824219,265.2099914550781,76161100,65492000,54768800
2023-03-17,153.96820068359375,101.62000274658203,276.6562805175781,155.0,101.62000274658203,279.42999267578125,156.74000549316406,102.83999633789062,283.3299865722656,154.27999877929688,100.0999984741211,276.32000732421875,156.0800018310547,100.26000213623047,278.260009765625,98944600,61028500,69527400
2023-03-20,156.35223388671875,101.22000122070312,269.5277404785156,157.39999389648438,101.22000122070312,272.2300109863281,157.82000732421875,101.75,277.4800109863281,154.14999389648438,99.87000274658203,269.8500061035156,155.07000732421875,100.12000274658203,276.9800109863281,73641400,32960400,43466600
2023-03-21,158.2197265625,104.91999816894531,271.0623474121094,159.27999877929688,104.91999816894531,273.7799987792969,159.39999389648438,105.0999984741211,275.0,156.5399932861328,101.22000122070312,269.5199890136719,157.32000732421875,101.25,274.8800048828125,73938300,42110300,34558700
2023-03-22,156.7793731689453,103.37000274658203,269.587158203125,157.8300018310547,103.37000274658203,272.2900085449219,162.13999938964844,106.58999633789062,281.0400085449219,157.80999755859375,103.33000183105469,272.17999267578125,159.3000030517578,104.2699966430664,273.3999938964844,75701800,43427400,34873300
2023-03-23,157.87203979492188,105.5999984741211,274.9039001464844,158.92999267578125,105.5999984741211,277.6600036621094,161.5500030517578,106.30000305175781,281.05999755859375,157.67999267578125,104.45999908447266,275.20001220703125,158.8300018310547,105.05999755859375,277.94000244140625,67622100,40797800,36610900
2023-03-24,159.1832733154297,105.44000244140625,277.78497314453125,160.25,105.44000244140625,280.57000732421875,160.33999633789062,105.48999786376953,280.6300048828125,157.85000610351562,103.83999633789062,275.2799987792969,158.86000061035156,104.98999786376953,277.239990234375,59196500,30393300,28172000
2023-03-27,157.22637939453125,102.45999908447266,273.6365966796875,158.27999877929688,102.45999908447266,276.3800048828125,160.77000427246094,104.76000213623047,281.4599914550781,157.8699951171875,101.93000030517578,275.5199890136719,159.94000244140625,104.62000274658203,280.5,52390300,31120900,26840200
2023-03-28,156.60055541992188,101.02999877929688,272.4980163574219,157.64999389648438,101.02999877929688,275.2300109863281,158.49000549316406,102.44999694824219,276.1400146484375,155.97999572753906,99.73999786376953,272.04998779296875,157.97000122070312,102.44000244140625,275.7900085449219,45992200,32057900,21878600
2023-03-29,159.69981384277344,101.38999938964844,277.7255859375,160.77000427246094,101.38999938964844,280.510009765625,161.0500030517578,102.48999786376953,281.1400146484375,159.35000610351562,100.6500015258789,278.4100036621094,159.3699951171875,102.27999877929688,278.9599914550781,51305700,28779600,25087000
2023-03-30,161.2792205810547,100.88999938964844,281.2304382324219,162.36000061035156,100.88999938964844,284.04998779296875,162.47000122070312,101.16000366210938,284.4599914550781,161.27000427246094,99.77999877929688,281.4800109863281,161.52999877929688,100.91000366210938,284.2300109863281,49501700,33086200,25053400
2023-03-31,163.8023223876953,103.7300033569336,285.438232421875,164.89999389648438,103.7300033569336,288.29998779296875,165.0,103.88999938964844,289.2699890136719,161.91000366210938,101.04000091552734,283.0,162.44000244140625,101.30000305175781,283.7300109863281,68749800,36863400,32766000
2023-04-03,165.06387329101562,104.36000061035156,284.3788757324219,166.1699981689453,104.36000061035156,287.2300109863281,166.2899932861328,104.52999877929688,288.2699890136719,164.22000122070312,101.93000030517578,283.95001220703125,164.27000427246094,102.38999938964844,286.5199890136719,56976200,25035400,24883300
2023-04-04,164.5274658203125,104.72000122070312,284.329345703125,165.6300048828125,104.72000122070312,287.17999267578125,166.83999633789062,105.58000183105469,290.45001220703125,165.11000061035156,104.04000091552734,285.6700134277344,166.60000610351562,104.33000183105469,287.2300109863281,46278300,24420100,25824300
2023-04-05,162.66990661621094,104.47000122070312,281.51751708984375,163.75999450683594,104.47000122070312,284.3399963378906,165.0500030517578,106.0999984741211,287.1499938964844,161.8000030517578,103.66000366210938,282.9200134277344,164.74000549316406,105.77999877929688,285.8500061035156,51511700,28290500,22064800
2023-04-06,163.5639190673828,108.41999816894531,288.7054748535156,164.66000366210938,108.41999816894531,291.6000061035156,164.9600067138672,109.16999816894531,292.0799865722656,162.0,104.33000183105469,282.0299987792969,162.42999267578125,105.26000213623047,283.2099914550781,45390100,48711500,29770300
2023-04-10,160.951416015625,106.44000244140625,286.51739501953125,162.02999877929688,106.44000244140625,289.3900146484375,162.02999877929688,107.58999633789062,289.6000061035156,160.0800018310547,105.12000274658203,284.7099914550781,161.4199981689453,106.9800033569336,289.2099914550781,47716900,27067400,23103000
2023-04-11,159.72959899902344,105.3499984741211,280.0225524902344,160.8000030517578,105.3499984741211,282.8299865722656,162.36000061035156,106.7300033569336,285.9800109863281,160.50999450683594,104.68000030517578,281.6400146484375,162.35000610351562,106.55000305175781,285.75,47644200,26311800,27276600
2023-04-12,159.03428649902344,104.63999938964844,280.676025390625,160.10000610351562,104.63999938964844,283.489990234375,162.05999755859375,106.75,287.010009765625,159.77999877929688,104.33999633789062,281.9599914550781,161.22000122070312,106.58000183105469,284.7900085449219,50133100,24370300,27403400
2023-04-13,164.4579315185547,107.43000030517578,286.9629211425781,165.55999755859375,107.43000030517578,289.8399963378906,165.8000030517578,107.48999786376953,289.8999938964844,161.4199981689453,105.83999633789062,283.1700134277344,161.6300048828125,105.83999633789062,283.5899963378906,68445600,24843600,24222700
2023-04-14,164.1102752685547,108.87000274658203,283.2997131347656,165.2100067138672,108.87000274658203,286.1400146484375,166.32000732421875,108.94000244140625,288.4800109863281,163.82000732421875,106.83999633789062,283.69000244140625,164.58999633789062,106.88999938964844,287.0,49386500,26578000,20987900
2023-04-17,164.130126953125,105.97000122070312,285.9332580566406,165.22999572753906,105.97000122070312,288.79998779296875,165.38999938964844,106.16000366210938,291.6000061035156,164.02999877929688,104.5199966430664,286.1600036621094,165.08999633789062,104.66000366210938,289.92999267578125,41516200,37571200,23836200
2023-04-18,165.36187744140625,104.5,285.5075378417969,166.47000122070312,104.5,288.3699951171875,167.41000366210938,106.54000091552734,291.760009765625,165.64999389648438,104.06999969482422,287.010009765625,166.10000610351562,106.48999786376953,291.57000732421875,49923000,26596400,20161800
2023-04-19,166.51416015625,104.18000030517578,285.5867614746094,167.6300048828125,104.18000030517578,288.45001220703125,168.16000366210938,104.9800033569336,289.04998779296875,165.5399932861328,103.06999969482422,284.5400085449219,165.8000030517578,103.58000183105469,285.989990234375,47720200,20905700,17150300
2023-04-20,165.54063415527344,105.29000091552734,283.2699890136719,166.64999389648438,105.29000091552734,286.1099853515625,167.8699951171875,106.25,289.0299987792969,165.55999755859375,103.87000274658203,285.0799865722656,166.08999633789062,103.91000366210938,285.25,52456400,27820800,23244400
2023-04-21,163.92152404785156,105.41000366210938,282.9234924316406,165.02000427246094,105.41000366210938,285.760009765625,166.4499969482422,106.0,286.2699890136719,164.49000549316406,104.77999877929688,283.05999755859375,165.0500030517578,105.47000122070312,285.010009765625,58337300,25800100,21676400
2023-04-24,164.22946166992188,105.97000122070312,278.9730529785156,165.3300018310547,105.97000122070312,281.7699890136719,165.60000610351562,106.62999725341797,284.95001220703125,163.88999938964844,104.69999694824219,278.7200012207031,165.0,105.48999786376953,282.0899963378906,41949600,23542800,26611000
2023-04-25,162.67984008789062,103.8499984741211,272.6861267089844,163.77000427246094,103.8499984741211,275.4200134277344,166.30999755859375,106.69000244140625,281.6000061035156,163.72999572753906,103.83999633789062,275.3699951171875,165.19000244140625,105.83000183105469,279.510009765625,48714100,46664100,45772200
2023-04-26,162.66990661621094,103.70999908447266,292.4380798339844,163.75999450683594,103.70999908447266,295.3699951171875,165.27999877929688,106.3499984741211,299.57000732421875,162.8000030517578,102.62999725341797,292.7300109863281,163.05999755859375,104.91999816894531,296.70001220703125,45498800,53347600,64599200
2023-04-27,167.2889404296875,107.58999633789062,301.8041687011719,168.41000366210938,107.58999633789062,304.8299865722656,168.55999755859375,108.37000274658203,305.20001220703125,165.19000244140625,103.54000091552734,295.25,165.19000244140625,104.44999694824219,295.9700012207031,64902300,50089200,46462600
2023-04-28,168.5504913330078,107.33999633789062,304.2100524902344,169.67999267578125,107.33999633789062,307.260009765625,169.85000610351562,107.3499984741211,308.92999267578125,167.8800048828125,105.08999633789062,303.30999755859375,168.49000549316406,107.04000091552734,304.010009765625,55209200,36139800,36446700
2023-05-01,168.46109008789062,107.19999694824219,302.52691650390625,169.58999633789062,107.19999694824219,305.55999755859375,170.4499969482422,107.98999786376953,308.6000061035156,168.63999938964844,106.81999969482422,305.1499938964844,169.27999877929688,106.83999633789062,306.9700012207031,52472900,26681700,21294100
2023-05-02,167.4180908203125,105.31999969482422,302.37841796875,168.5399932861328,105.31999969482422,305.4100036621094,170.35000610351562,107.19999694824219,309.17999267578125,167.5399932861328,103.70999908447266,303.9100036621094,170.08999633789062,107.13999938964844,307.760009765625,48425700,30997200,26404400
2023-05-03,166.33534240722656,105.41000366210938,301.37841796875,167.4499969482422,105.41000366210938,304.3999938964844,170.9199981689453,107.48999786376953,308.6099853515625,167.16000366210938,104.95999908447266,304.0899963378906,169.5,105.52999877929688,306.6199951171875,65136000,21795400,22360800
2023-05-04,164.68637084960938,104.69000244140625,302.37841796875,165.7899932861328,104.69000244140625,305.4100036621094,167.0399932861328,105.5999984741211,307.760009765625,164.30999755859375,103.97000122070312,303.3999938964844,164.88999938964844,105.48999786376953,306.239990234375,81235400,23419500,22519900
2023-05-05,172.41461181640625,105.56999969482422,307.5663757324219,173.57000732421875,105.56999969482422,310.6499938964844,174.3000030517578,105.87999725341797,311.9700012207031,170.75999450683594,104.11000061035156,304.2699890136719,170.97999572753906,104.81999969482422,305.7200012207031,113316400,26625100,28181200
2023-05-08,172.34506225585938,107.7699966430664,305.5862121582031,173.5,107.7699966430664,308.6499938964844,173.85000610351562,107.95999908447266,310.20001220703125,172.11000061035156,105.16000366210938,306.0899963378906,172.47999572753906,105.18000030517578,310.1300048828125,55962800,26511400,21318600
2023-05-09,170.62660217285156,107.3499984741211,303.95263671875,171.77000427246094,107.3499984741211,307.0,173.5399932861328,110.1500015258789,310.0400085449219,171.60000610351562,107.19000244140625,306.30999755859375,173.0500030517578,108.38999938964844,308.0,45326900,36360100,21340800
2023-05-10,172.40464782714844,111.75,309.20989990234375,173.55999755859375,111.75,312.30999755859375,174.02999877929688,112.94000244140625,313.0,171.89999389648438,107.93000030517578,307.6700134277344,173.02000427246094,107.97000122070312,308.6199951171875,53724500,63153400,30078000
2023-05-11,172.59339904785156,116.56999969482422,307.03173828125,173.75,116.56999969482422,310.1099853515625,174.58999633789062,117.91999816894531,311.1199951171875,172.1699981689453,114.41000366210938,306.260009765625,173.85000610351562,115.4000015258789,310.1000061035156,49514700,78900000,31680200
2023-05-12,171.65838623046875,117.51000213623047,305.9030456542969,172.57000732421875,117.51000213623047,308.9700012207031,174.05999755859375,118.02999877929688,310.6499938964844,171.0,116.11000061035156,306.6000061035156,173.6199951171875,116.68000030517578,310.54998779296875,45497800,41073800,19758100
2023-05-15,171.16102600097656,116.51000213623047,306.38818359375,172.07000732421875,116.51000213623047,309.4599914550781,173.2100067138672,118.4800033569336,309.8999938964844,171.47000122070312,116.01000213623047,307.5899963378906,173.16000366210938,116.11000061035156,309.1000061035156,37266700,36266800,16336500
2023-05-16,171.16102600097656,119.51000213623047,308.64556884765625,172.07000732421875,119.51000213623047,311.739990234375,173.13999938964844,120.75,313.7099914550781,171.8000030517578,116.43000030517578,309.8299865722656,171.99000549316406,116.48999786376953,309.8299865722656,42110300,45035600,26730300
2023-05-17,171.77774047851562,120.83999633789062,311.5627746582031,172.69000244140625,120.83999633789062,314.0,172.92999267578125,121.66999816894531,314.42999267578125,170.4199981689453,118.88999938964844,310.739990234375,171.7100067138672,119.61000061035156,312.2900085449219,57951600,33323600,24315000
2023-05-18,174.12525939941406,122.83000183105469,316.04766845703125,175.0500030517578,122.83000183105469,318.5199890136719,175.24000549316406,123.30999755859375,319.0400085449219,172.5800018310547,120.83000183105469,313.7200012207031,173.0,120.94999694824219,314.5299987792969,65496700,35234200,27276000
2023-05-19,174.2346954345703,122.76000213623047,315.86907958984375,175.16000366210938,122.76000213623047,318.3399963378906,176.38999938964844,125.97000122070312,318.75,174.94000244140625,122.1500015258789,316.3699951171875,176.38999938964844,123.55000305175781,316.739990234375,55772400,41330300,27529500
2023-05-22,173.2797393798828,125.05000305175781,318.6869812011719,174.1999969482422,125.05000305175781,321.17999267578125,174.7100067138672,126.43000030517578,322.5899963378906,173.4499969482422,122.73999786376953,318.010009765625,173.97999572753906,122.94000244140625,318.6000061035156,43570900,35253000,24115700
2023-05-23,170.6536865234375,122.55999755859375,312.81298828125,171.55999755859375,122.55999755859375,315.260009765625,173.3800048828125,124.62999725341797,322.7200012207031,171.27999877929688,122.20999908447266,315.25,173.1300048828125,124.16000366210938,320.0299987792969,50747300,34046300,30797200
2023-05-24,170.93222045898438,120.9000015258789,311.4139404296875,171.83999633789062,120.9000015258789,313.8500061035156,172.4199981689453,121.91000366210938,316.5,170.52000427246094,119.86000061035156,312.6099853515625,171.08999633789062,121.12000274658203,314.7300109863281,45143500,34182600,23384900
2023-05-25,172.076171875,123.4800033569336,323.3902282714844,172.99000549316406,123.4800033569336,325.9200134277344,173.89999389648438,125.31999969482422,326.8999938964844,171.69000244140625,121.95999908447266,320.0,172.41000366210938,124.5199966430664,323.239990234375,56058300,42317000,43301700
2023-05-26,174.5032501220703,124.61000061035156,330.3061218261719,175.42999267578125,124.61000061035156,332.8900146484375,175.77000427246094,125.26000213623047,333.3999938964844,173.11000061035156,122.44999694824219,323.8800048828125,173.32000732421875,123.16999816894531,324.0199890136719,54835000,35635900,36630600
2023-05-30,176.36338806152344,123.66999816894531,328.6391906738281,177.3000030517578,123.66999816894531,331.2099914550781,178.99000549316406,125.66000366210938,335.739990234375,176.57000732421875,122.0,330.5199890136719,176.9600067138672,125.63999938964844,335.2300109863281,55964400,35076700,29503100
2023-05-31,176.3136444091797,122.87000274658203,325.841064453125,177.25,122.87000274658203,328.3900146484375,179.35000610351562,124.05999755859375,335.94000244140625,176.75999450683594,122.5,327.3299865722656,177.3300018310547,122.75,332.2900085449219,99625300,37325800,45950600
2023-06-01,179.13864135742188,123.72000122070312,329.99853515625,180.08999633789062,123.72000122070312,332.5799865722656,180.1199951171875,124.41999816894531,333.5299987792969,176.92999267578125,122.62000274658203,324.7200012207031,177.6999969482422,122.81999969482422,325.92999267578125,68901800,30772700,26773900
2023-06-02,179.9940948486328,124.66999816894531,332.796630859375,180.9499969482422,124.66999816894531,335.3999938964844,181.77999877929688,126.1500015258789,337.5,179.25999450683594,123.76000213623047,332.54998779296875,181.02999877929688,123.98999786376953,334.25,61945900,26963100,25864000
2023-06-05,178.63133239746094,126.01000213623047,333.33245849609375,179.5800018310547,126.01000213623047,335.94000244140625,184.9499969482422,127.43000030517578,338.55999755859375,178.0399932861328,123.83999633789062,334.6600036621094,182.6300048828125,124.01000213623047,335.2200012207031,121946500,32305500,21307100
2023-06-06,178.26329040527344,127.30999755859375,331.0899963378906,179.2100067138672,127.30999755859375,333.67999267578125,180.1199951171875,128.2899932861328,335.3699951171875,177.42999267578125,125.36000061035156,332.1700134277344,179.97000122070312,126.01000213623047,335.3299865722656,64848400,26638300,20396200
2023-06-07,176.88064575195312,122.5,320.86993408203125,177.82000732421875,122.5,323.3800048828125,181.2100067138672,129.0399932861328,334.489990234375,177.32000732421875,122.12000274658203,322.5,178.44000244140625,126.97000122070312,331.6499938964844,61944600,52539000,40717100
2023-06-08,179.61610412597656,122.13999938964844,322.7353820800781,180.57000732421875,122.13999938964844,325.260009765625,180.83999633789062,123.2300033569336,326.6400146484375,177.4600067138672,121.23999786376953,323.3500061035156,177.89999389648438,122.2300033569336,323.94000244140625,50214900,29389200,23277700
2023-06-09,180.00404357910156,122.2300033569336,324.25347900390625,180.9600067138672,122.2300033569336,326.7900085449219,182.22999572753906,123.76000213623047,329.989990234375,180.6300048828125,121.91000366210938,324.4100036621094,181.5,122.25,324.989990234375,48870700,23762500,22514900
2023-06-12,182.819091796875,123.63999938964844,329.2742004394531,183.7899932861328,123.63999938964844,331.8500061035156,183.88999938964844,124.05000305175781,332.1000061035156,180.97000122070312,121.66000366210938,325.1600036621094,181.27000427246094,122.79000091552734,328.5799865722656,54274900,28306400,24260300
2023-06-13,182.3416290283203,123.83000183105469,331.69525146484375,183.30999755859375,123.83000183105469,334.2900085449219,184.14999389648438,125.16000366210938,336.9800109863281,182.44000244140625,123.18000030517578,330.3900146484375,182.8000030517578,124.9800033569336,334.4700012207031,54929100,22278300,22951300
2023-06-14,182.97825622558594,123.66999816894531,334.7215881347656,183.9499969482422,123.66999816894531,337.3399963378906,184.38999938964844,124.05000305175781,339.0400085449219,182.02000427246094,121.44999694824219,332.80999755859375,183.3699951171875,123.0999984741211,334.3399963378906,57462900,30592300,26003800
2023-06-15,185.02735900878906,125.08999633789062,345.3980712890625,186.00999450683594,125.08999633789062,348.1000061035156,186.52000427246094,125.45999908447266,349.8399963378906,183.77999877929688,122.4000015258789,337.20001220703125,183.9600067138672,123.13999938964844,337.4800109863281,65433200,35246300,38899100
2023-06-16,183.943115234375,123.52999877929688,339.6728820800781,184.9199981689453,123.52999877929688,342.3299865722656,186.99000549316406,126.11000061035156,351.4700012207031,184.27000427246094,123.27999877929688,341.95001220703125,186.72999572753906,125.93000030517578,351.32000732421875,101235600,45514000,46533600
2023-06-20,184.0326385498047,123.0999984741211,335.4260559082031,185.00999450683594,123.0999984741211,338.04998779296875,186.10000610351562,124.56999969482422,342.0799865722656,184.41000366210938,122.13999938964844,335.8599853515625,184.41000366210938,122.93000030517578,339.30999755859375,49799100,26097500,26375400
2023-06-21,182.9882049560547,120.55000305175781,330.9709167480469,183.9600067138672,120.55000305175781,333.55999755859375,185.41000366210938,122.66000366210938,337.7300109863281,182.58999633789062,120.0999984741211,332.07000732421875,184.89999389648438,122.4000015258789,336.3699951171875,49515700,30306300,25117800
2023-06-22,186.0121307373047,123.1500015258789,337.0731506347656,187.0,123.1500015258789,339.7099914550781,187.0500030517578,123.23999786376953,340.1199951171875,183.6699981689453,118.83000183105469,333.3399963378906,183.74000549316406,120.0,334.1199951171875,51245300,26952200,23556800
2023-06-23,185.69381713867188,122.33999633789062,332.41961669921875,186.67999267578125,122.33999633789062,335.0199890136719,187.55999755859375,122.79000091552734,337.9599914550781,185.00999450683594,121.05999755859375,333.45001220703125,185.5500030517578,121.37999725341797,334.3599853515625,53079300,34885300,23084700
2023-06-26,184.29127502441406,118.33999633789062,326.0494689941406,185.27000427246094,118.33999633789062,328.6000061035156,188.0500030517578,122.0,336.1099853515625,185.22999572753906,118.2699966430664,328.489990234375,186.8300018310547,120.76000213623047,333.7200012207031,48088700,33969900,21520600
2023-06-27,187.0665283203125,118.33000183105469,331.9731140136719,188.05999755859375,118.33000183105469,334.57000732421875,188.38999938964844,119.08000183105469,336.1499938964844,185.6699981689453,116.0999984741211,329.29998779296875,185.88999938964844,117.08000183105469,331.8599853515625,50730800,39535900,24354100
2023-06-28,188.250244140625,120.18000030517578,333.2431945800781,189.25,120.18000030517578,335.8500061035156,189.89999389648438,120.38999938964844,337.9800109863281,187.60000610351562,116.8499984741211,333.80999755859375,187.92999267578125,117.08999633789062,334.6600036621094,51216800,27091400,20259500
2023-06-29,188.5884552001953,119.0999984741211,332.4493713378906,189.58999633789062,119.0999984741211,335.04998779296875,190.07000732421875,120.05999755859375,336.1099853515625,188.94000244140625,118.30000305175781,332.6199951171875,189.0800018310547,119.23999786376953,334.7099914550781,46347300,24090900,16997000
2023-06-30,192.94532775878906,119.69999694824219,337.8967590332031,193.97000122070312,119.69999694824219,340.5400085449219,194.47999572753906,121.08000183105469,342.7300109863281,191.25999450683594,119.69000244140625,337.20001220703125,191.6300048828125,120.16999816894531,337.75,85069600,29519700,26823800
2023-07-03,191.4433135986328,119.9000015258789,335.3665466308594,192.4600067138672,119.9000015258789,337.989990234375,193.8800048828125,120.19000244140625,340.8999938964844,191.75999450683594,118.81999969482422,336.57000732421875,193.77999877929688,119.23999786376953,339.19000244140625,31458200,14467900,12508700
2023-07-05,190.3192596435547,121.75,335.5252685546875,191.3300018310547,121.75,338.1499938964844,192.97999572753906,122.61000061035156,341.6499938964844,190.6199951171875,119.2300033569336,334.7300109863281,191.57000732421875,119.23999786376953,335.0899963378906,46920300,27584800,18172400
2023-07-06,190.79672241210938,120.11000061035156,338.6210632324219,191.80999755859375,120.11000061035156,341.2699890136719,192.02000427246094,120.30000305175781,342.989990234375,189.1999969482422,118.4000015258789,335.5,189.83999633789062,119.80000305175781,337.29998779296875,45094300,24745200,28161200
2023-07-07,189.67266845703125,119.4800033569336,334.6025085449219,190.67999267578125,119.4800033569336,337.2200012207031,192.6699981689453,121.05000305175781,341.7900085449219,190.24000549316406,119.4000015258789,337.0,191.41000366210938,120.0999984741211,339.32000732421875,46778000,21692600,21185300
2023-07-10,187.6136474609375,116.44999694824219,329.2543029785156,188.61000061035156,116.44999694824219,331.8299865722656,189.99000549316406,118.30999755859375,335.2300109863281,187.0399932861328,116.13999938964844,327.5899963378906,189.25999450683594,118.30000305175781,334.6000061035156,59922200,35315200,32791400
2023-07-11,187.08642578125,117.13999938964844,329.889404296875,188.0800018310547,117.13999938964844,332.4700012207031,189.3000030517578,117.70999908447266,332.8599853515625,186.60000610351562,115.3499984741211,327.0,189.16000366210938,116.29000091552734,331.05999755859375,46638100,23078800,26698200
2023-07-12,188.7675018310547,118.93000030517578,334.58270263671875,189.77000427246094,118.93000030517578,337.20001220703125,191.6999969482422,120.33000183105469,341.6499938964844,188.47000122070312,118.41000366210938,335.6700134277344,189.67999267578125,118.80000305175781,336.6000061035156,60750200,30404400,29995300
2023-07-13,189.53343200683594,124.54000091552734,340.0003356933594,190.5399932861328,124.54000091552734,342.6600036621094,191.19000244140625,124.83000183105469,343.739990234375,189.77999877929688,120.44999694824219,339.0199890136719,190.5,120.93000030517578,339.55999755859375,41342300,44297900,20567200
2023-07-14,189.68263244628906,125.41999816894531,342.56024169921875,190.69000244140625,125.41999816894531,345.239990234375,191.17999267578125,126.77999877929688,351.42999267578125,189.6300048828125,123.48999786376953,344.30999755859375,190.22999572753906,124.80000305175781,347.5899963378906,41573900,33266800,28302200
2023-07-17,192.9652099609375,124.6500015258789,343.0464782714844,193.99000549316406,124.6500015258789,345.7300109863281,194.32000732421875,127.0999984741211,346.989990234375,191.80999755859375,124.19999694824219,342.20001220703125,191.89999389648438,125.94000244140625,345.67999267578125,50520200,25716200,20363900
2023-07-18,192.7065887451172,123.76000213623047,356.6996765136719,193.72999572753906,123.76000213623047,359.489990234375,194.3300018310547,124.68000030517578,366.7799987792969,192.4199981689453,122.95999908447266,342.1700134277344,193.35000610351562,124.5999984741211,345.8299865722656,48353800,26226400,64872700
2023-07-19,194.06935119628906,122.02999877929688,352.3238525390625,195.10000610351562,122.02999877929688,355.0799865722656,198.22999572753906,125.18000030517578,362.4599914550781,192.64999389648438,121.80000305175781,352.44000244140625,193.10000610351562,124.5999984741211,361.75,80507300,37224000,39732900
2023-07-20,192.10975646972656,119.19999694824219,344.1776123046875,193.1300048828125,119.19999694824219,346.8699951171875,196.47000122070312,124.08999633789062,357.9700012207031,192.5,118.22000122070312,345.3699951171875,195.08999633789062,121.41999816894531,353.57000732421875,59581200,37906800,33778400
2023-07-21,190.92604064941406,120.0199966430664,341.1016540527344,191.94000244140625,120.0199966430664,343.7699890136719,194.97000122070312,120.98999786376953,350.29998779296875,191.22999572753906,118.7300033569336,339.8299865722656,194.10000610351562,120.62000274658203,349.1499938964844,71917800,72937900,69368900
2023-07-24,191.7317657470703,121.52999877929688,342.4312438964844,192.75,121.52999877929688,345.1099853515625,194.91000366210938,123.0,346.9200134277344,192.25,120.9800033569336,342.30999755859375,193.41000366210938,121.66000366210938,345.8500061035156,45377800,29686100,26678100
2023-07-25,192.59715270996094,122.20999908447266,348.2557067871094,193.6199951171875,122.20999908447266,350.9800109863281,194.44000244140625,123.1500015258789,351.8900146484375,192.9199981689453,121.0199966430664,345.07000732421875,193.3300018310547,121.36000061035156,347.1099853515625,37283200,52509600,41637700
2023-07-26,193.47250366210938,129.27000427246094,335.1482238769531,194.5,129.27000427246094,337.7699890136719,195.63999938964844,130.97999572753906,344.6700134277344,193.32000732421875,128.32000732421875,333.1099853515625,193.6699981689453,130.07000732421875,341.44000244140625,47471900,61682100,58383700
2023-07-27,192.19927978515625,129.39999389648438,328.1529846191406,193.22000122070312,129.39999389648438,330.7200012207031,197.1999969482422,133.24000549316406,341.3299865722656,192.5500030517578,128.7899932861328,329.04998779296875,196.02000427246094,131.6699981689453,340.4800109863281,47460200,44952100,39635300
2023-07-28,194.7954864501953,132.5800018310547,335.7435607910156,195.8300018310547,132.5800018310547,338.3699951171875,196.6300048828125,133.74000549316406,340.010009765625,194.13999938964844,130.57000732421875,333.1700134277344,194.6699981689453,130.77999877929688,333.6700134277344,48291400,36591200,28484900
2023-07-31,195.41220092773438,132.72000122070312,333.3126525878906,196.4499969482422,132.72000122070312,335.9200134277344,196.49000549316406,133.52999877929688,337.70001220703125,195.25999450683594,131.77999877929688,333.3599853515625,196.05999755859375,132.72999572753906,336.9200134277344,38824100,28055500,25446000
2023-08-01,194.57666015625,131.5500030517578,333.7293395996094,195.61000061035156,131.5500030517578,336.3399963378906,196.72999572753906,132.6300048828125,338.5400085449219,195.27999877929688,130.67999267578125,333.70001220703125,196.24000549316406,130.77999877929688,335.19000244140625,35175100,23166800,18311900
2023-08-02,191.5626678466797,128.3800048828125,324.95794677734375,192.5800018310547,128.3800048828125,327.5,195.17999267578125,130.08999633789062,333.6300048828125,191.85000610351562,127.55999755859375,326.3599853515625,195.0399932861328,129.4499969482422,333.6300048828125,50389300,26273300,27761300
2023-08-03,190.1601104736328,128.4499969482422,324.12451171875,191.1699981689453,128.4499969482422,326.6600036621094,192.3699951171875,129.38999938964844,329.8800048828125,190.69000244140625,127.41999816894531,325.95001220703125,191.57000732421875,127.97000122070312,326.0,61235200,20089500,18253700
2023-08-04,181.0286102294922,128.11000061035156,325.23577880859375,181.99000549316406,128.11000061035156,327.7799987792969,187.3800048828125,131.50999450683594,335.1400146484375,181.9199981689453,127.91000366210938,327.239990234375,185.52000427246094,129.27999877929688,331.8800048828125,115799700,26130000,23727700
2023-08-07,177.90521240234375,131.52999877929688,327.5477294921875,178.85000610351562,131.52999877929688,330.1099853515625,183.1300048828125,131.61000061035156,331.1099853515625,177.35000610351562,129.02000427246094,327.5199890136719,182.1300048828125,129.16000366210938,328.3699951171875,97576100,22746300,17741500
2023-08-08,178.8501739501953,131.39999389648438,323.5191955566406,179.8000030517578,131.39999389648438,326.04998779296875,180.27000427246094,131.50999450683594,328.75,177.5800018310547,129.5399932861328,323.0,179.69000244140625,130.6199951171875,326.9599914550781,67823000,23535200,22327600
2023-08-09,177.24868774414062,129.66000366210938,319.7289123535156,178.19000244140625,129.66000366210938,322.2300109863281,180.92999267578125,132.0399932861328,327.1099853515625,177.00999450683594,129.0,321.04998779296875,180.8699951171875,131.66000366210938,326.4700012207031,60378500,24912900,22373300
2023-08-10,177.02984619140625,129.69000244140625,320.42340087890625,177.97000122070312,129.69000244140625,322.92999267578125,180.75,132.0500030517578,328.260009765625,177.60000610351562,129.4499969482422,321.17999267578125,179.47999572753906,131.32000732421875,326.0199890136719,54686900,20857800,20113700
2023-08-11,177.089599609375,129.55999755859375,318.5183410644531,177.7899932861328,129.55999755859375,321.010009765625,178.6199951171875,129.92999267578125,322.4100036621094,176.5500030517578,128.1699981689453,319.2099914550781,177.32000732421875,128.66000366210938,320.260009765625,51988100,19569200,24342600
2023-08-14,178.7530517578125,131.3300018310547,321.52484130859375,179.4600067138672,131.3300018310547,324.0400085449219,179.69000244140625,131.3699951171875,324.05999755859375,177.30999755859375,128.9600067138672,320.0799865722656,177.97000122070312,129.38999938964844,321.3900146484375,43675600,24695600,18836100
2023-08-15,176.75094604492188,129.77999877929688,319.3617248535156,177.4499969482422,129.77999877929688,321.8599853515625,179.47999572753906,131.4199981689453,325.0899963378906,177.0500030517578,129.27999877929688,320.8999938964844,178.8800048828125,131.10000610351562,323.0,43622600,19770700,16966300
2023-08-16,175.87442016601562,128.6999969482422,318.5861511230469,176.57000732421875,128.6999969482422,320.3999938964844,178.5399932861328,130.27999877929688,324.4200134277344,176.5,127.87000274658203,319.79998779296875,177.1300048828125,128.6999969482422,320.79998779296875,46964900,25216100,20698900
2023-08-17,173.31454467773438,129.9199981689453,315.08612060546875,174.0,129.9199981689453,316.8800048828125,177.50999450683594,131.99000549316406,321.8699951171875,173.47999572753906,129.2899932861328,316.2099914550781,177.13999938964844,129.8000030517578,320.5400085449219,66062900,33446300,21257200
2023-08-18,173.80262756347656,127.45999908447266,314.6883544921875,174.49000549316406,127.45999908447266,316.4800109863281,175.10000610351562,129.25,318.3800048828125,171.9600067138672,126.37999725341797,311.54998779296875,172.3000030517578,128.50999450683594,314.489990234375,61114200,30491300,24744800
2023-08-21,175.14727783203125,128.3699951171875,320.05780029296875,175.83999633789062,128.3699951171875,321.8800048828125,176.1300048828125,128.72999572753906,322.7699890136719,173.74000549316406,126.55999755859375,317.0400085449219,175.07000732421875,127.18000030517578,317.92999267578125,46311900,25248700,24040000
2023-08-22,176.5318145751953,129.0800018310547,320.6344909667969,177.22999572753906,129.0800018310547,322.4599914550781,177.67999267578125,130.27999877929688,326.0799865722656,176.25,128.32000732421875,321.4599914550781,177.05999755859375,128.50999450683594,325.5,42084200,22067500,16102000
2023-08-23,180.406494140625,132.3699951171875,325.1488037109375,181.1199951171875,132.3699951171875,327.0,181.5500030517578,133.41000366210938,329.20001220703125,178.3300018310547,129.8699951171875,323.4599914550781,178.52000427246094,130.17999267578125,323.82000732421875,52722800,27819700,21166400
2023-08-24,175.68516540527344,129.77999877929688,318.15863037109375,176.3800048828125,129.77999877929688,319.9700012207031,181.10000610351562,134.25,332.9800109863281,176.00999450683594,129.57000732421875,319.9599914550781,180.6699981689453,133.9499969482422,332.8500061035156,54945800,28500700,23281400
2023-08-25,177.90638732910156,129.8800048828125,321.15155029296875,178.61000061035156,129.8800048828125,322.9800109863281,179.14999389648438,130.75999450683594,325.3599853515625,175.82000732421875,127.25,318.79998779296875,177.3800048828125,129.5399932861328,321.4700012207031,51449600,26762900,21684100
2023-08-28,179.48016357421875,131.00999450683594,321.86749267578125,180.19000244140625,131.00999450683594,323.70001220703125,180.58999633789062,132.5399932861328,326.1499938964844,178.5500030517578,130.13999938964844,321.7200012207031,180.08999633789062,131.30999755859375,325.6600036621094,43820700,20543300,14808500
2023-08-29,183.3946533203125,134.57000732421875,326.5508117675781,184.1199951171875,134.57000732421875,328.4100036621094,184.89999389648438,136.57000732421875,328.9800109863281,179.5,132.24000549316406,321.8800048828125,179.6999969482422,132.24000549316406,321.8800048828125,53003900,43075600,19284600
2023-08-30,186.9107666015625,135.8800048828125,326.92864990234375,187.64999389648438,135.8800048828125,328.7900085449219,187.85000610351562,136.27999877929688,329.80999755859375,184.74000549316406,134.07000732421875,326.45001220703125,184.94000244140625,134.77999877929688,328.6700134277344,60813900,28315800,15222100
2023-08-31,187.1298828125,136.1699981689453,325.9045104980469,187.8699951171875,136.1699981689453,327.760009765625,189.1199951171875,138.0,330.9100036621094,187.47999572753906,135.7899932861328,326.7799987792969,187.83999633789062,136.00999450683594,329.20001220703125,60794500,30053800,26411000
2023-09-01,188.713623046875,135.66000366210938,326.7994079589844,189.4600067138672,135.66000366210938,328.6600036621094,189.9199981689453,137.4600067138672,331.989990234375,188.27999877929688,134.85000610351562,326.7799987792969,189.49000549316406,137.4600067138672,331.30999755859375,45732600,21524600,14931200
2023-09-05,188.9526824951172,135.77000427246094,331.6617126464844,189.6999969482422,135.77000427246094,333.54998779296875,189.97999572753906,136.4199981689453,334.8500061035156,187.61000061035156,134.5800018310547,328.6600036621094,188.27999877929688,135.44000244140625,329.0,45280000,19403100,18553900
2023-09-06,182.18942260742188,134.4600067138672,330.99554443359375,182.91000366210938,134.4600067138672,332.8800048828125,188.85000610351562,136.52999877929688,334.4599914550781,181.47000122070312,133.6699981689453,330.17999267578125,188.39999389648438,136.02000427246094,333.3800048828125,81755800,18684500,17535800
2023-09-07,176.86050415039062,135.25999450683594,328.0423278808594,177.55999755859375,135.25999450683594,329.9100036621094,178.2100067138672,135.5800018310547,333.0799865722656,173.5399932861328,132.9499969482422,329.0299987792969,175.17999267578125,133.58999633789062,331.2900085449219,112488800,18844300,18381000
2023-09-08,177.47805786132812,136.3800048828125,332.37762451171875,178.17999267578125,136.3800048828125,334.2699890136719,180.24000549316406,136.66000366210938,336.1600036621094,177.7899932861328,134.85000610351562,329.4599914550781,178.35000610351562,134.91000366210938,330.0899963378906,65551300,23558300,19530100
2023-09-11,178.65342712402344,136.9199981689453,336.0268859863281,179.36000061035156,136.9199981689453,337.94000244140625,180.3000030517578,137.47999572753906,338.4200134277344,177.33999633789062,135.7899932861328,335.42999267578125,180.07000732421875,136.5399932861328,337.239990234375,58953100,20763400,16583300
2023-09-12,175.60548400878906,135.33999633789062,329.89178466796875,176.3000030517578,135.33999633789062,331.7699890136719,180.1300048828125,136.8699951171875,336.7900085449219,174.82000732421875,135.19000244140625,331.4800109863281,179.49000549316406,136.25999450683594,335.82000732421875,90370200,18405500,17565500
2023-09-13,173.52371215820312,136.7100067138672,334.1575012207031,174.2100067138672,136.7100067138672,336.05999755859375,177.3000030517578,136.89999389648438,336.8500061035156,173.97999572753906,134.14999389648438,331.1700134277344,176.50999450683594,135.08999633789062,331.30999755859375,84267900,20749500,16544400
2023-09-14,175.0476837158203,138.10000610351562,336.7825622558594,175.74000549316406,138.10000610351562,338.70001220703125,176.10000610351562,138.6999969482422,340.8599853515625,173.5800018310547,136.24000549316406,336.57000732421875,174.0,137.60000610351562,339.1499938964844,60895800,24751000,20267000
2023-09-15,174.320556640625,137.39999389648438,328.3505554199219,175.00999450683594,137.39999389648438,330.2200012207031,176.5,138.52000427246094,337.3999938964844,173.82000732421875,136.47999572753906,329.6499938964844,176.47999572753906,137.97999572753906,336.9200134277344,109205100,38908400,37666900
2023-09-18,177.26890563964844,138.2100067138672,327.1971130371094,177.97000122070312,138.2100067138672,329.05999755859375,179.3800048828125,139.16000366210938,330.3999938964844,176.1699981689453,136.61000061035156,326.3599853515625,176.47999572753906,136.61000061035156,327.79998779296875,67257600,21861300,16834200
2023-09-19,178.36456298828125,138.0399932861328,326.7894592285156,179.07000732421875,138.0399932861328,328.6499938964844,179.6300048828125,138.41000366210938,329.3900146484375,177.1300048828125,136.6199951171875,324.510009765625,177.52000427246094,137.4199981689453,326.1700134277344,51826900,20353700,16505900
2023-09-20,174.7986602783203,133.74000549316406,318.9541015625,175.49000549316406,133.74000549316406,320.7699890136719,179.6999969482422,138.0800018310547,329.5899963378906,175.39999389648438,133.6199951171875,320.510009765625,179.25999450683594,138.0800018310547,329.510009765625,58436200,29927500,21436500
2023-09-21,173.2447967529297,130.44000244140625,317.7210998535156,173.92999267578125,130.44000244140625,319.5299987792969,176.3000030517578,132.22999572753906,325.3500061035156,173.86000061035156,130.07000732421875,315.0,174.5500030517578,131.44000244140625,319.260009765625,63047900,31488700,35529500
2023-09-22,174.10142517089844,130.25,315.2153625488281,174.7899932861328,130.25,317.010009765625,177.0800018310547,132.02999877929688,321.45001220703125,174.0500030517578,129.60000610351562,316.1499938964844,174.6699981689453,130.75999450683594,321.32000732421875,56725400,26397300,21447900
2023-09-25,175.3863525390625,131.11000061035156,315.74237060546875,176.0800018310547,131.11000061035156,317.5400085449219,176.97000122070312,131.1699981689453,317.6700134277344,174.14999389648438,128.9600067138672,315.0,174.1999969482422,129.8300018310547,316.5899963378906,46172700,20094600,17836000
2023-09-26,171.28257751464844,128.57000732421875,310.3729553222656,171.9600067138672,128.57000732421875,312.1400146484375,175.1999969482422,130.36000061035156,315.8800048828125,171.66000366210938,127.22000122070312,310.0199890136719,174.82000732421875,129.77000427246094,315.1300048828125,64588900,25718700,26297600
2023-09-27,169.7585906982422,130.5399932861328,311.01922607421875,170.42999267578125,130.5399932861328,312.7900085449219,173.0399932861328,130.89999389648438,314.29998779296875,169.0500030517578,128.57000732421875,309.69000244140625,172.6199951171875,128.57000732421875,312.29998779296875,66921800,22746500,19410100
2023-09-28,170.017578125,132.30999755859375,311.86444091796875,170.69000244140625,132.30999755859375,313.6400146484375,172.02999877929688,133.3000030517578,315.4800109863281,167.6199951171875,129.7899932861328,309.45001220703125,169.33999633789062,129.83999633789062,310.989990234375,56294400,22513100,19683600
2023-09-29,170.53553771972656,130.86000061035156,313.9624938964844,171.2100067138672,130.86000061035156,315.75,173.07000732421875,134.0500030517578,319.4700012207031,170.33999633789062,130.36000061035156,314.9800109863281,172.02000427246094,133.27999877929688,317.75,51814200,30848100,24140300
2023-10-02,173.0655059814453,134.1699981689453,319.9782409667969,173.75,134.1699981689453,321.79998779296875,174.3000030517578,134.4199981689453,321.8900146484375,170.92999267578125,131.1699981689453,315.17999267578125,171.22000122070312,131.2100067138672,316.2799987792969,52164500,22288000,20570000
2023-10-03,171.7208251953125,132.42999267578125,311.6158447265625,172.39999389648438,132.42999267578125,313.3900146484375,173.6300048828125,134.25999450683594,321.3900146484375,170.82000732421875,131.83999633789062,311.2099914550781,172.25999450683594,133.94000244140625,320.8299865722656,49594600,22989400,21033500
2023-10-04,172.9758758544922,135.24000549316406,317.1543273925781,173.66000366210938,135.24000549316406,318.9599914550781,174.2100067138672,135.57000732421875,320.0400085449219,170.97000122070312,132.52999877929688,314.0,171.08999633789062,132.7899932861328,314.0299987792969,53020300,26752300,20720100
2023-10-05,174.22096252441406,135.07000732421875,317.55206298828125,174.91000366210938,135.07000732421875,319.3599853515625,175.4499969482422,135.49000549316406,319.9800109863281,172.67999267578125,133.4499969482422,314.8999938964844,173.7899932861328,135.07000732421875,319.0899963378906,48527900,19832600,16965600
2023-10-06,176.79078674316406,137.5800018310547,325.4073486328125,177.49000549316406,137.5800018310547,327.260009765625,177.99000549316406,138.16000366210938,329.19000244140625,173.17999267578125,134.00999450683594,316.29998779296875,173.8000030517578,134.00999450683594,316.54998779296875,57224100,27583200,25645500
2023-10-09,178.28488159179688,138.4199981689453,327.9528503417969,178.99000549316406,138.4199981689453,329.82000732421875,179.0500030517578,138.94000244140625,330.29998779296875,175.8000030517578,135.61000061035156,323.17999267578125,176.80999755859375,136.94000244140625,324.75,42390800,19278100,19891200
2023-10-10,177.68724060058594,138.05999755859375,326.53094482421875,178.38999938964844,138.05999755859375,328.3900146484375,179.72000122070312,139.72000122070312,331.1000061035156,177.9499969482422,137.3300018310547,327.6700134277344,178.10000610351562,138.5,330.9599914550781,43698000,27786600,20557100
2023-10-11,179.09169006347656,140.5500030517578,330.53814697265625,179.8000030517578,140.5500030517578,332.4200134277344,179.85000610351562,141.11000061035156,332.82000732421875,177.60000610351562,138.5800018310547,329.1400146484375,178.1999969482422,138.5800018310547,331.2099914550781,47551100,25884300,20063200
2023-10-12,179.99810791015625,138.97000122070312,329.2852783203125,180.7100067138672,138.97000122070312,331.1600036621094,182.33999633789062,141.22000122070312,333.6300048828125,179.0399932861328,138.25999450683594,328.7200012207031,180.07000732421875,141.0500030517578,330.57000732421875,56743100,24765500,19313100
2023-10-13,178.14544677734375,137.36000061035156,325.87469482421875,178.85000610351562,137.36000061035156,327.7300109863281,181.92999267578125,140.0,333.8299865722656,178.13999938964844,136.6199951171875,326.3599853515625,181.4199981689453,139.3800048828125,332.3800048828125,51427100,23420500,21072400
2023-10-16,178.01593017578125,139.10000610351562,330.75689697265625,178.72000122070312,139.10000610351562,332.6400146484375,179.0800018310547,139.6300048828125,336.1400146484375,176.50999450683594,137.99000549316406,330.6000061035156,176.75,138.1699981689453,331.04998779296875,52517000,28501900,22158000
2023-10-17,176.45211791992188,139.72000122070312,330.1801452636719,177.14999389648438,139.72000122070312,332.05999755859375,178.4199981689453,139.89999389648438,333.4599914550781,174.8000030517578,137.17999267578125,327.4100036621094,176.64999389648438,138.6300048828125,329.5899963378906,57549400,23515800,18338500
2023-10-18,175.14727783203125,137.9600067138672,328.2412109375,175.83999633789062,137.9600067138672,330.1099853515625,177.5800018310547,140.72000122070312,335.5899963378906,175.11000061035156,137.3800048828125,328.29998779296875,175.5800018310547,139.4499969482422,332.489990234375,54764400,23375000,23153600
2023-10-19,174.768798828125,137.75,329.4443359375,175.4600067138672,137.75,331.32000732421875,177.83999633789062,139.66000366210938,336.8800048828125,175.19000244140625,137.3800048828125,330.9100036621094,176.0399932861328,138.5,332.1499938964844,59302900,26066000,25052100
2023-10-20,172.19894409179688,135.60000610351562,324.8206787109375,172.8800048828125,135.60000610351562,326.6700134277344,175.4199981689453,137.8699951171875,331.9200134277344,172.63999938964844,135.0800018310547,325.45001220703125,175.30999755859375,137.3300018310547,331.7200012207031,64189300,26315200,25012600
2023-10-23,172.3184814453125,136.5,327.4556579589844,173.0,136.5,329.32000732421875,174.00999450683594,137.66000366210938,332.7300109863281,169.92999267578125,133.9499969482422,324.3900146484375,170.91000366210938,135.0399932861328,325.4700012207031,55980100,26317900,24374700
2023-10-24,172.75674438476562,138.80999755859375,328.6588439941406,173.44000244140625,138.80999755859375,330.5299987792969,173.6699981689453,139.36000061035156,331.8399963378906,171.4499969482422,137.4199981689453,327.6000061035156,173.0500030517578,137.8300018310547,331.29998779296875,43816600,44814300,31153600
2023-10-25,170.42596435546875,125.61000061035156,338.741455078125,171.10000610351562,125.61000061035156,340.6700134277344,173.05999755859375,128.30999755859375,346.20001220703125,170.64999389648438,125.06999969482422,337.6199951171875,171.8800048828125,128.16000366210938,345.0199890136719,57157000,84366200,55053800
2023-10-26,166.2325439453125,122.27999877929688,326.0337829589844,166.88999938964844,122.27999877929688,327.8900146484375,171.3800048828125,124.33000183105469,341.6300048828125,165.6699981689453,121.2699966430664,326.94000244140625,170.3699951171875,123.2699966430664,340.5400085449219,70625300,57061100,37828500
2023-10-27,167.5572967529297,122.16999816894531,327.9429016113281,168.22000122070312,122.16999816894531,329.80999755859375,168.9600067138672,123.30999755859375,336.7200012207031,166.8300018310547,120.20999908447266,328.3999938964844,166.91000366210938,122.87999725341797,330.42999267578125,58499100,44566500,29856500
2023-10-30,169.619140625,124.45999908447266,335.40045166015625,170.2899932861328,124.45999908447266,337.30999755859375,171.1699981689453,125.4000015258789,339.45001220703125,168.8699951171875,122.75,331.8299865722656,169.02000427246094,123.20999908447266,333.4100036621094,51131000,28940100,22828100
2023-10-31,170.09725952148438,124.08000183105469,336.1959228515625,170.77000427246094,124.08000183105469,338.1099853515625,170.89999389648438,125.37000274658203,339.0,167.89999389648438,122.69000244140625,334.69000244140625,169.35000610351562,125.05999755859375,338.8500061035156,44846000,26292300,20265300
2023-11-01,173.28465270996094,126.44999694824219,344.11083984375,173.97000122070312,126.44999694824219,346.07000732421875,174.22999572753906,126.48999786376953,347.4200134277344,170.1199951171875,123.72000122070312,339.6499938964844,171.0,124.06999969482422,339.7900085449219,56934900,30082400,28158800
2023-11-02,176.87046813964844,127.48999786376953,346.3481140136719,177.57000732421875,127.48999786376953,348.32000732421875,177.77999877929688,128.97999572753906,348.8299865722656,175.4600067138672,126.93000030517578,344.7699890136719,175.52000427246094,128.4199981689453,347.239990234375,77334800,27124600,24348100
2023-11-03,175.95407104492188,129.10000610351562,350.8027648925781,176.64999389648438,129.10000610351562,352.79998779296875,176.82000732421875,129.52999877929688,354.3900146484375,173.35000610351562,127.86000061035156,347.3299865722656,174.24000549316406,128.02000427246094,349.6300048828125,79763700,26380100,23624000
2023-11-06,178.52392578125,130.25,354.5116271972656,179.22999572753906,130.25,356.5299987792969,179.42999267578125,130.33999633789062,357.5400085449219,176.2100067138672,128.6699981689453,353.3500061035156,176.3800048828125,129.0500030517578,353.45001220703125,63841300,19052700,23828300
2023-11-07,181.10372924804688,130.97000122070312,358.489013671875,181.82000732421875,130.97000122070312,360.5299987792969,182.44000244140625,131.91000366210938,362.4599914550781,178.97000122070312,129.8800048828125,357.6300048828125,179.17999267578125,130.7100067138672,359.3999938964844,70530000,29757300,25833900
2023-11-08,182.1695098876953,131.83999633789062,361.14385986328125,182.88999938964844,131.83999633789062,363.20001220703125,183.4499969482422,132.2100067138672,363.8699951171875,181.58999633789062,130.77999877929688,360.54998779296875,182.35000610351562,130.97000122070312,361.67999267578125,49340300,26425800,26767800
2023-11-09,181.69139099121094,130.24000549316406,358.6480712890625,182.41000366210938,130.24000549316406,360.69000244140625,184.1199951171875,132.5500030517578,364.7900085449219,181.80999755859375,130.07000732421875,360.3599853515625,182.9600067138672,131.9600067138672,362.29998779296875,53763500,23747800,24847300
2023-11-10,185.9102783203125,132.58999633789062,367.5772399902344,186.39999389648438,132.58999633789062,369.6700134277344,186.57000732421875,132.8000030517578,370.1000061035156,183.52999877929688,129.41000366210938,361.07000732421875,183.97000122070312,130.10000610351562,361.489990234375,66133400,26913300,28042100
2023-11-13,184.3144989013672,132.08999633789062,364.6041259765625,184.8000030517578,132.08999633789062,366.67999267578125,186.02999877929688,132.58999633789062,368.4700012207031,184.2100067138672,131.25,365.8999938964844,185.82000732421875,131.77999877929688,368.2200012207031,43627500,18324800,19986500
2023-11-14,186.9475555419922,133.6199951171875,368.173828125,187.44000244140625,133.6199951171875,370.2699890136719,188.11000061035156,135.6999969482422,371.95001220703125,186.3000030517578,133.32000732421875,367.3500061035156,187.6999969482422,134.19000244140625,371.010009765625,60108400,32395200,27683900
2023-11-15,187.51605224609375,134.6199951171875,368.32330322265625,188.00999450683594,134.6199951171875,369.6700134277344,189.5,135.02999877929688,373.1300048828125,187.77999877929688,133.57000732421875,367.1099853515625,187.85000610351562,134.8699951171875,371.2799987792969,53790500,23861500,26860100
2023-11-16,189.21160888671875,136.92999267578125,374.7996520996094,189.7100067138672,136.92999267578125,376.1700134277344,190.9600067138672,137.22000122070312,376.3500061035156,188.64999389648438,134.32000732421875,370.17999267578125,189.57000732421875,135.19000244140625,370.9599914550781,54412900,28013200,27182300
2023-11-17,189.191650390625,135.30999755859375,368.5026550292969,189.69000244140625,135.30999755859375,369.8500061035156,190.3800048828125,136.05999755859375,374.3699951171875,188.57000732421875,133.64999389648438,367.0,190.25,136.0,373.6099853515625,50922700,37240600,40157000
2023-11-20,190.947021484375,136.25,376.06500244140625,191.4499969482422,136.25,377.44000244140625,191.91000366210938,136.66000366210938,378.8699951171875,189.8800048828125,133.6199951171875,371.0,189.88999938964844,133.69000244140625,371.2200012207031,46505100,27815500,52465100
2023-11-21,190.13916015625,136.97000122070312,371.7109375,190.63999938964844,136.97000122070312,373.07000732421875,191.52000427246094,137.17999267578125,376.2200012207031,189.74000549316406,135.9600067138672,371.1199951171875,191.41000366210938,136.2899932861328,375.6700134277344,38134500,22635300,28423100
2023-11-22,190.80738830566406,138.49000549316406,376.4735107421875,191.30999755859375,138.49000549316406,377.8500061035156,192.92999267578125,139.4199981689453,379.7900085449219,190.8300018310547,137.47000122070312,374.9700012207031,191.49000549316406,137.47000122070312,378.0,39617700,17813900,23345300
2023-11-24,189.47091674804688,136.69000244140625,376.05499267578125,189.97000122070312,136.69000244140625,377.42999267578125,190.89999389648438,138.1300048828125,377.9700012207031,189.25,135.99000549316406,375.1400146484375,190.8699951171875,138.02999877929688,377.3299865722656,24048300,12514300,10176600
2023-11-27,189.2913818359375,136.41000366210938,377.230712890625,189.7899932861328,136.41000366210938,378.6099853515625,190.6699981689453,138.4199981689453,380.6400146484375,188.89999389648438,136.0,376.20001220703125,189.9199981689453,136.02999877929688,376.7799987792969,40552600,23436500,22179200
2023-11-28,189.8997802734375,137.1999969482422,381.3058166503906,190.39999389648438,137.1999969482422,382.70001220703125,191.0800018310547,137.25,383.0,189.39999389648438,135.4199981689453,378.1600036621094,189.77999877929688,136.0800018310547,378.3500061035156,38415400,18730000,20453100
2023-11-29,188.8724822998047,134.99000549316406,377.4698791503906,189.3699951171875,134.99000549316406,378.8500061035156,192.08999633789062,138.2899932861328,384.29998779296875,188.97000122070312,134.83999633789062,377.44000244140625,190.89999389648438,137.57000732421875,383.760009765625,43014200,23967200,28963400
2023-11-30,189.45095825195312,132.52999877929688,377.5296325683594,189.9499969482422,132.52999877929688,378.9100036621094,190.32000732421875,135.5500030517578,380.0899963378906,188.19000244140625,131.27999877929688,375.4700012207031,189.83999633789062,135.0500030517578,378.489990234375,48794400,38988300,30554400
2023-12-01,190.73757934570312,131.86000061035156,373.14569091796875,191.24000549316406,131.86000061035156,374.510009765625,191.55999755859375,132.11000061035156,378.1600036621094,189.22999572753906,130.6699981689453,371.30999755859375,190.3300018310547,131.86000061035156,376.760009765625,45679300,31431200,33020400
2023-12-04,188.9323272705078,129.27000427246094,367.79522705078125,189.42999267578125,129.27000427246094,369.1400146484375,190.0500030517578,130.02999877929688,369.5199890136719,187.4499969482422,127.9000015258789,362.8999938964844,189.97999572753906,129.8800048828125,369.1000061035156,43389500,36669900,32063300
2023-12-05,192.91184997558594,130.99000549316406,371.16290283203125,193.4199981689453,130.99000549316406,372.5199890136719,194.39999389648438,132.13999938964844,373.0799865722656,190.17999267578125,128.25,365.6199951171875,190.2100067138672,128.9499969482422,366.45001220703125,66628400,27384800,23065000
2023-12-06,191.81475830078125,130.02000427246094,367.45648193359375,192.32000732421875,130.02000427246094,368.79998779296875,194.75999450683594,131.83999633789062,374.17999267578125,192.11000061035156,129.8800048828125,368.0299987792969,194.4499969482422,131.44000244140625,373.5400085449219,41089700,23576200,21182100
2023-12-07,193.75962829589844,136.92999267578125,369.5986633300781,194.27000427246094,136.92999267578125,370.95001220703125,195.0,138.55999755859375,371.45001220703125,193.58999633789062,134.6999969482422,366.32000732421875,193.6300048828125,135.0399932861328,368.2300109863281,47477700,56767100,23118900
2023-12-08,195.19583129882812,134.99000549316406,372.86669921875,195.7100067138672,134.99000549316406,374.2300109863281,195.99000549316406,136.39999389648438,374.4599914550781,193.6699981689453,134.02999877929688,368.2300109863281,194.1999969482422,134.1999969482422,369.20001220703125,53377300,32233900,20144800
2023-12-11,192.67247009277344,133.2899932861328,369.9473571777344,193.17999267578125,133.2899932861328,371.29998779296875,193.49000549316406,133.33999633789062,371.6000061035156,191.4199981689453,131.36000061035156,366.1000061035156,193.11000061035156,132.3800048828125,368.4800109863281,60943700,31138000,27708800
2023-12-12,194.19847106933594,132.52000427246094,373.0161437988281,194.7100067138672,132.52000427246094,374.3800048828125,194.72000122070312,133.0,374.4200134277344,191.72000122070312,131.25999450683594,370.4599914550781,193.0800018310547,131.80999755859375,370.8500061035156,52696900,29032800,24838300
2023-12-13,197.43992614746094,132.57000732421875,373.00616455078125,197.9600067138672,132.57000732421875,374.3699951171875,198.0,133.5,377.6400146484375,194.85000610351562,131.57000732421875,370.7699890136719,195.08999633789062,133.3800048828125,376.0199890136719,70404200,30104800,30955500
2023-12-14,197.5895233154297,131.94000244140625,364.596923828125,198.11000061035156,131.94000244140625,365.92999267578125,199.6199951171875,133.72000122070312,373.760009765625,196.16000366210938,129.69000244140625,364.1300048828125,198.02000427246094,133.3800048828125,373.30999755859375,66831600,38722400,43277500
2023-12-15,197.0509490966797,132.60000610351562,369.37945556640625,197.57000732421875,132.60000610351562,370.7300109863281,198.39999389648438,133.50999450683594,372.3999938964844,197.0,131.17999267578125,366.2799987792969,197.52999877929688,131.6199951171875,366.8500061035156,128256700,50815200,78478200
2023-12-18,195.37535095214844,135.8000030517578,371.29241943359375,195.88999938964844,135.8000030517578,372.6499938964844,196.6300048828125,137.14999389648438,373.0,194.38999938964844,132.42999267578125,368.67999267578125,196.08999633789062,132.6300048828125,369.45001220703125,55751900,32258000,21802900
2023-12-19,196.422607421875,136.64999389648438,371.90020751953125,196.94000244140625,136.64999389648438,373.260009765625,196.9499969482422,137.47000122070312,373.260009765625,195.88999938964844,136.0800018310547,369.8399963378906,196.16000366210938,136.83999633789062,371.489990234375,40714100,25476800,20603700
2023-12-20,194.31814575195312,138.33999633789062,369.26983642578125,194.8300018310547,138.33999633789062,370.6199951171875,197.67999267578125,141.6999969482422,376.0299987792969,194.8300018310547,138.07000732421875,370.5299987792969,196.89999389648438,138.97000122070312,375.0,52242800,49107200,26316700
2023-12-21,194.16851806640625,140.4199981689453,372.17919921875,194.67999267578125,140.4199981689453,373.5400085449219,197.0800018310547,140.69000244140625,374.4100036621094,193.5,139.17999267578125,370.0400085449219,196.10000610351562,139.49000549316406,372.55999755859375,46482500,27488300,17708000
2023-12-22,193.0913848876953,141.49000549316406,373.2154235839844,193.60000610351562,141.49000549316406,374.5799865722656,195.41000366210938,141.99000549316406,375.17999267578125,192.97000122070312,140.7100067138672,372.7099914550781,195.17999267578125,140.77000427246094,373.67999267578125,37122800,26514600,17091100
2023-12-26,192.54283142089844,141.52000427246094,373.2951354980469,193.0500030517578,141.52000427246094,374.6600036621094,193.88999938964844,142.67999267578125,376.94000244140625,192.8300018310547,141.19000244140625,373.5,193.61000061035156,141.58999633789062,375.0,28919300,16780300,12673100
2023-12-27,192.64254760742188,140.3699951171875,372.707275390625,193.14999389648438,140.3699951171875,374.07000732421875,193.5,142.0800018310547,375.05999755859375,191.08999633789062,139.88999938964844,372.80999755859375,192.49000549316406,141.58999633789062,373.69000244140625,48087700,19628600,14905400
2023-12-28,193.07142639160156,140.22999572753906,373.912841796875,193.5800018310547,140.22999572753906,375.2799987792969,194.66000366210938,141.13999938964844,376.4599914550781,193.1699981689453,139.75,374.1600036621094,194.13999938964844,140.77999877929688,375.3699951171875,34049900,16045700,14327000
2023-12-29,192.02418518066406,139.69000244140625,374.6700744628906,192.52999877929688,139.69000244140625,376.0400085449219,194.39999389648438,140.36000061035156,377.1600036621094,191.72999572753906,138.77999877929688,373.4800109863281,193.89999389648438,139.6300048828125,376.0,42628800,18727200,18723000
